{"cameraMode":{"drawMode":0,"name":"Shaded","section":"Shading Mode"},"sceneLighting":true,"audioPlay":false,"sceneViewState":{"m_AlwaysRefresh":false,"showFog":true,"showSkybox":true,"showFlares":true,"showImageEffects":true,"showParticleSystems":true,"showVisualEffectGraphs":true,"m_FxEnabled":true},"in2DMode":false,"pivot":{"x":-1380.270263671875,"y":36.024845123291019,"z":147.18719482421876},"rotation":{"x":0.0572352334856987,"y":-0.03893090412020683,"z":0.002234708284959197,"w":0.9976102709770203},"size":68.1454086303711,"orthographic":false}