{"cameraMode":{"drawMode":0,"name":"Shaded","section":"Shading Mode"},"sceneLighting":true,"audioPlay":false,"sceneViewState":{"m_AlwaysRefresh":false,"showFog":true,"showSkybox":true,"showFlares":true,"showImageEffects":true,"showParticleSystems":true,"showVisualEffectGraphs":true,"m_FxEnabled":true},"in2DMode":false,"pivot":{"x":0.05581136792898178,"y":0.06849449872970581,"z":-0.06600995361804962},"rotation":{"x":-0.015132197178900242,"y":0.9621408581733704,"z":-0.2666011154651642,"w":-0.054610371589660647},"size":9.501412391662598,"orthographic":false}