{"cameraMode":{"drawMode":0,"name":"Shaded","section":"Shading Mode"},"sceneLighting":true,"audioPlay":false,"sceneViewState":{"m_AlwaysRefresh":false,"showFog":true,"showSkybox":true,"showFlares":true,"showImageEffects":true,"showParticleSystems":true,"showVisualEffectGraphs":true,"m_FxEnabled":true},"in2DMode":false,"pivot":{"x":-2.838353157043457,"y":1.5031455755233765,"z":2.0597591400146486},"rotation":{"x":0.015773417428135873,"y":-0.5076090097427368,"z":0.009295133873820305,"w":0.8613964319229126},"size":1.5613212585449219,"orthographic":false}