{"cameraMode":{"drawMode":0,"name":"Shaded","section":"Shading Mode"},"sceneLighting":true,"audioPlay":false,"sceneViewState":{"m_AlwaysRefresh":false,"showFog":true,"showSkybox":true,"showFlares":true,"showImageEffects":true,"showParticleSystems":true,"showVisualEffectGraphs":true,"m_FxEnabled":true},"in2DMode":false,"pivot":{"x":-693.5755004882813,"y":-5.909189224243164,"z":150.33734130859376},"rotation":{"x":0.0018356818472966552,"y":0.9981334209442139,"z":-0.0467570535838604,"w":0.04018407315015793},"size":212.51637268066407,"orthographic":false}