{"cameraMode":{"drawMode":0,"name":"Shaded","section":"Shading Mode"},"sceneLighting":true,"audioPlay":false,"sceneViewState":{"m_AlwaysRefresh":false,"showFog":true,"showSkybox":true,"showFlares":true,"showImageEffects":true,"showParticleSystems":true,"showVisualEffectGraphs":true,"m_FxEnabled":true},"in2DMode":false,"pivot":{"x":-1052.5999755859375,"y":-46.220001220703128,"z":216.1999969482422},"rotation":{"x":-0.000018311628082301468,"y":0.9991932511329651,"z":-0.04079892858862877,"w":0.00030300611979328096},"size":12.12435531616211,"orthographic":false}