{"cameraMode":{"drawMode":0,"name":"Shaded","section":"Shading Mode"},"sceneLighting":true,"audioPlay":false,"sceneViewState":{"m_AlwaysRefresh":false,"showFog":true,"showSkybox":true,"showFlares":true,"showImageEffects":true,"showParticleSystems":true,"showVisualEffectGraphs":true,"m_FxEnabled":true},"in2DMode":false,"pivot":{"x":-1.5917932987213135,"y":2.2326807975769045,"z":0.9731006622314453},"rotation":{"x":0.005999404471367598,"y":-0.016814937815070154,"z":0.00009477265848545358,"w":0.9998611807823181},"size":8.492815017700196,"orthographic":false}