{"cameraMode":{"drawMode":0,"name":"Shaded","section":"Shading Mode"},"sceneLighting":false,"audioPlay":false,"sceneViewState":{"m_AlwaysRefresh":false,"showFog":true,"showSkybox":false,"showFlares":true,"showImageEffects":true,"showParticleSystems":true,"showVisualEffectGraphs":true,"m_FxEnabled":true},"in2DMode":false,"pivot":{"x":0.0032452940940856935,"y":0.09371097385883331,"z":-0.0015269219875335694},"rotation":{"x":-0.080658920109272,"y":0.22091470658779145,"z":-0.01833239570260048,"w":-0.9717921614646912},"size":0.32533395290374758,"orthographic":false}