{"cameraMode":{"drawMode":0,"name":"Shaded","section":"Shading Mode"},"sceneLighting":false,"audioPlay":false,"sceneViewState":{"m_AlwaysRefresh":false,"showFog":true,"showSkybox":false,"showFlares":true,"showImageEffects":true,"showParticleSystems":true,"showVisualEffectGraphs":true,"m_FxEnabled":true},"in2DMode":false,"pivot":{"x":-1.4216724634170533,"y":-1.1348627805709839,"z":0.6729462146759033},"rotation":{"x":-0.051236655563116077,"y":0.4463784098625183,"z":-0.025606345385313035,"w":-0.8930235505104065},"size":2.111096143722534,"orthographic":false}