{"cameraMode":{"drawMode":0,"name":"Shaded","section":"Shading Mode"},"sceneLighting":false,"audioPlay":false,"sceneViewState":{"m_AlwaysRefresh":false,"showFog":true,"showSkybox":false,"showFlares":true,"showImageEffects":true,"showParticleSystems":true,"showVisualEffectGraphs":true,"m_FxEnabled":true},"in2DMode":false,"pivot":{"x":14.074684143066407,"y":0.5835128426551819,"z":13.416692733764649},"rotation":{"x":0.21106581389904023,"y":0.6684219837188721,"z":-0.20735523104667664,"w":0.6827220916748047},"size":0.7996359467506409,"orthographic":false}